metabolite_name,theoretical mass
Metabolite 1,220.295498
Metabolite 2,999.5465316
Metabolite 3,183.2272783
Metabolite 4,966.8776112
Metabolite 5,180.225462
Metabolite 6,750.0382489
Metabolite 7,856.9580072
Metabolite 8,281.2264443
Metabolite 9,1184.376159
Metabolite 10,139.2253504
Metabolite 11,140.2566509
Metabolite 12,220.2952419
Metabolite 13,810.3021074
Metabolite 14,412.2784263
